id,name,value
AL,Alabama,0.2909179743009325
AK,Alaska,0.5302671607545247
AZ,Arizona,0.9871666003937687
AR,Arkansas,1.173411059686405
CA,California,0.563705438639576
CO,Colorado,0.8733743420679468
CT,Connecticut,0.8703635349336644
FL,Florida,0.3151559236856221
GA,Georgia,0.482819517969167
HI,Hawaii,0.6382154841579039
ID,Idaho,1.6299868361343293
IL,Illinois,1.243495505612709
IN,Indiana,0.5305838886686204
KY,Kentucky,0.469072799245733
LA,Louisiana,0.4935519904274119
MD,Maryland,1.5318933289282024
MA,Massachusetts,0.7087490326127684
MI,Michigan,0.43913450874605153
MN,Minnesota,0.46455178092972216
MO,Missouri,0.7855276380265348
MT,Montana,0.8454884229355063
NE,Nebraska,0.9442417517910001
NV,Nevada,0.6237316101245909
NM,New Mexico,0.8187565848220447
NY,New York,0.17158103895530338
NC,North Carolina,0.45586547932130417
OH,Ohio,0.5872457006937728
OK,Oklahoma,0.5509530909067641
OR,Oregon,0.7373023835774296
PA,Pennsylvania,0.5542386246991308
SC,South Carolina,0.7076090267487907
TN,Tennessee,0.6784341330971848
TX,Texas,0.6759185091364975
UT,Utah,1.809916483198413
VA,Virginia,0.39745386426749013
WA,Washington,0.6630918152218475
WY,Wyoming,0.8298608327277147
