run_date,worldwide_rate,usa_rate,living_ordinance_rate
2026-08-13,0.5650962901796627,0.5854097253199334,27.251530773979347
2026-08-14,0.570451313006665,0.5922708732792573,28.7413391203621
2026-08-15,0.5736433380450794,0.5976017256745311,29.513429577246587
2026-08-16,0.5736433380450794,0.5976017256745311,29.513429577246587
2026-08-17,0.5746432143813133,0.5976017256745311,29.524304090723835
2026-08-18,0.5691890784480954,0.589756539555033,29.241566740315427
2026-08-19,0.5700723511299581,0.5872964441545979,29.730919846791515
2026-08-20,0.5731011310522528,0.5880790256835552,30.155025872404124
2026-08-21,0.5798058411786029,0.5921817674616038,30.579131898016726
2026-08-22,0.5888426243923792,0.5951648752700055,30.948865356243104
2026-08-23,0.5888426243923792,0.5951648752700055,30.948865356243104
2026-08-24,0.5878427480561452,0.5951648752700055,30.916241815811368
2026-08-25,0.5902098022398827,0.5958041126575202,31.014112437106583
2026-08-26,0.5899445289261881,0.5959319601350231,30.024531710677167
2026-08-27,0.5852628922031801,0.5900393536719335,29.317688334656154
2026-08-28,0.5810360097322201,0.5846271437909761,28.62171947211238
2026-08-29,0.5713141800490126,0.5714472311102194,28.012746717386587
2026-08-30,0.5713141800490126,0.5714472311102194,28.012746717386587
2026-08-31,0.5713141800490126,0.5714472311102194,28.012746717386587
2026-09-01,0.5606595211308344,0.5615177436908252,27.066664044866158
2026-09-02,0.5513399740552077,0.5514177929680937,26.45769129014036
2026-09-03,0.5411138335668442,0.5406747306918626,26.544687397958334
2026-09-04,0.5297012508952526,0.5276575329824733,25.72909888716486
2026-09-05,0.5177872725098643,0.5130829205471392,24.282788594691095
2026-09-06,0.5177872725098643,0.5130829205471392,24.282788594691095
2026-09-07,0.5179825836309362,0.5133424896681301,24.282788594691095
2026-09-08,0.51780476305802,0.5128814639159226,24.630773025962977
2026-09-09,0.5156359350867137,0.5125172923133384,24.750392674212687
2026-09-10,0.519816176095925,0.519149864479551,24.92438488984863
2026-09-11,0.5219325324227643,0.5268090906317721,23.836933542123994
2026-09-12,0.5286372425491144,0.5355724540897002,25.272369321120507
2026-09-13,0.5286372425491144,0.5355724540897002,25.272369321120507
2026-09-14,0.5284419314280424,0.5353128849687094,25.28324383459776
2026-09-15,0.5241450867644597,0.5308149782601972,24.217541513827616
2026-09-16,0.5245881806510707,0.5291258418907646,23.782560974737763
2026-09-17,0.5215943818250874,0.5261853499081971,22.640737059626893
2026-09-18,0.5215156743583869,0.5256778341641704,22.73860768092211
2026-09-19,0.5171488675021814,0.5223964155749284,20.139598959860237
2026-09-20,0.5171488675021814,0.5223964155749284,20.139598959860237
2026-09-21,0.5171488675021814,0.5223964155749284,20.139598959860237
2026-09-22,0.5209997031877938,0.5255267416907579,20.259218608109947
2026-09-23,0.520031892856512,0.5247906501536197,20.324465688973422
2026-09-24,0.5195800536958232,0.521869529000977,20.28096763506444
2026-09-25,0.5226962863588963,0.5221600914498473,20.81381879544951
2026-09-26,0.5289724780554319,0.5265805148386608,21.99914076446936
2026-09-27,0.5289724780554319,0.5265805148386608,21.99914076446936
2026-09-28,0.5289724780554319,0.5265805148386608,21.977391737514868
2026-09-29,0.5436295574099052,0.5447542274740016,22.281878114877767
2026-09-30,0.5578639485172823,0.5613007903956687,23.053968571762258
2026-10-01,0.5665421754938668,0.5754492445726597,23.140964679580225
2026-10-02,0.5851025621784196,0.6027272472726031,24.108796379055153
2026-10-03,0.456689872710659,0.4788585382362033,14.397855843874163
2026-10-04,0.456689872710659,0.4788585382362033,14.397855843874163
2026-10-05,0.456689872710659,0.4788585382362033,14.430479384305903
2026-10-06,0.44051694584935874,0.4599913498895587,14.017247872170541
2026-10-07,0.4297894096471986,0.4479078261825393,13.147286793990833
