temple,scope,geography,endowments_7d,living_7d
Jordan River Utah Temple,state,Utah,11585,46
Mount Timpanogos Utah Temple,state,Utah,8270,42
Provo City Center Temple,state,Utah,6520,35
Taylorsville Utah Temple,state,Utah,5696,31
Layton Utah Temple,state,Utah,5623,31
St. George Utah Temple,state,Utah,5431,25
Logan Utah Temple,state,Utah,5051,30
Rexburg Idaho Temple,state,Idaho,5002,14
Orem Utah Temple,state,Utah,4808,36
Lindon Utah Temple,state,Utah,4535,21
Idaho Falls Idaho Temple,state,Idaho,3636,28
Saratoga Springs Utah Temple,state,Utah,3568,31
Gilbert Arizona Temple,state,Arizona,3225,26
Mesa Arizona Temple,state,Arizona,3216,28
Syracuse Utah Temple,state,Utah,3024,18
Brigham City Utah Temple,state,Utah,2475,7
Dallas Texas Temple,state,Texas,2406,24
Mexico City Mexico Temple,country,Mexico,2171,49
Pocatello Idaho Temple,state,Idaho,2077,19
Meridian Idaho Temple,state,Idaho,2073,14
Boise Idaho Temple,state,Idaho,2039,8
Manti Utah Temple,state,Utah,1947,15
San Diego California Temple,state,California,1867,8
Cardston Alberta Temple,country,Canada,1833,15
Houston Texas Temple,state,Texas,1824,20
Las Vegas Nevada Temple,state,Nevada,1745,16
Cedar City Utah Temple,state,Utah,1697,14
Auckland New Zealand Temple,country,New Zealand,1658,7
São Paulo Brazil Temple,country,Brazil,1549,18
Apia Samoa Temple,country,Samoa,1536,28
Burley Idaho Temple,state,Idaho,1347,9
Deseret Peak Utah Temple,state,Utah,1337,4
Kansas City Missouri Temple,state,Missouri,1315,5
Spokane Washington Temple,state,Washington,1294,7
Laie Hawaii Temple,state,Hawaii,1277,17
Washington D.C. Temple,state,Maryland,1269,17
Brisbane Australia Temple,country,Australia,1262,8
Portland Oregon Temple,state,Oregon,1242,11
Columbia River Washington Temple,state,Washington,1224,12
Papeete Tahiti Temple,country,French Polynesia,1215,6
Urdaneta Philippines Temple,country,Philippines,1187,38
San Antonio Texas Temple,state,Texas,1186,8
Santiago Chile Temple,country,Chile,1153,10
Redlands California Temple,state,California,1148,11
Sacramento California Temple,state,California,1079,4
Nauvoo Illinois Temple,state,Illinois,1074,8
Preston England Temple,country,United Kingdom,1046,12
Newport Beach California Temple,state,California,1005,7
Los Angeles California Temple,state,California,987,22
Tokyo Japan Temple,country,Japan,981,4
Bogotá Colombia Temple,country,Colombia,958,23
Richmond Virginia Temple,state,Virginia,929,10
Fort Collins Colorado Temple,state,Colorado,919,11
Puebla Mexico Temple,country,Mexico,887,21
Raleigh North Carolina Temple,state,North Carolina,861,5
Lima Peru Temple,country,Peru,855,25
Yorba Linda California Temple,state,California,837,6
Tucson Arizona Temple,state,Arizona,829,4
Star Valley Wyoming Temple,state,Wyoming,819,3
Atlanta Georgia Temple,state,Georgia,812,6
Buenos Aires Argentina Temple,country,Argentina,793,24
Guatemala City Guatemala Temple,country,Guatemala,791,24
Tallahassee Florida Temple,state,Florida,777,10
Lima Peru Los Olivos Temple,country,Peru,776,42
Albuquerque New Mexico Temple,state,New Mexico,747,7
Cochabamba Bolivia Temple,country,Bolivia,741,28
Seattle Washington Temple,state,Washington,737,12
Edmonton Alberta Temple,country,Canada,734,6
Manila Philippines Temple,country,Philippines,709,27
Paris France Temple,country,France,700,2
Campinas Brazil Temple,country,Brazil,693,18
Montevideo Uruguay Temple,country,Uruguay,690,9
Melbourne Australia Temple,country,Australia,677,2
Monterrey Mexico Temple,country,Mexico,673,10
Oklahoma City Oklahoma Temple,state,Oklahoma,635,10
Hamilton New Zealand Temple,country,New Zealand,634,0
Fortaleza Brazil Temple,country,Brazil,628,9
Fresno California Temple,state,California,621,6
Bern Switzerland Temple,country,Switzerland,591,3
Moses Lake Washington Temple,state,Washington,590,2
Toronto Ontario Temple,country,Canada,571,6
Nashville Tennessee Temple,state,Tennessee,571,5
Davao Philippines Temple,country,Philippines,570,48
Reno Nevada Temple,state,Nevada,565,6
Indianapolis Indiana Temple,state,Indiana,563,12
Salvador Brazil Temple,country,Brazil,554,8
Belo Horizonte Brazil Temple,country,Brazil,548,4
Chicago Illinois Temple,state,Illinois,546,7
San Salvador El Salvador Temple,country,El Salvador,526,8
Alabang Philippines Temple,country,Philippines,526,29
Quito Ecuador Temple,country,Ecuador,523,13
Winter Quarters Nebraska Temple,state,Nebraska,517,11
Willamette Valley Oregon Temple,state,Oregon,510,4
Concepción Chile Temple,country,Chile,506,9
Sydney Australia Temple,country,Australia,502,14
Fort Lauderdale Florida Temple,state,Florida,485,15
Arequipa Peru Temple,country,Peru,478,14
Billings Montana Temple,state,Montana,477,4
Curitiba Brazil Temple,country,Brazil,474,12
Detroit Michigan Temple,state,Michigan,471,6
Suva Fiji Temple,country,Fiji,465,26
Grand Junction Colorado Temple,state,Colorado,454,4
Quetzaltenango Guatemala Temple,country,Guatemala,446,13
Porto Alegre Brazil Temple,country,Brazil,446,11
Medford Oregon Temple,state,Oregon,437,2
Johannesburg South Africa Temple,country,South Africa,437,21
Cleveland Ohio Temple,state,Ohio,434,3
Cebu City Philippines Temple,country,Philippines,428,20
Rio de Janeiro Brazil Temple,country,Brazil,422,19
Anchorage Alaska Temple,state,Alaska,410,4
Hong Kong China Temple,country,Hong Kong,404,5
Helena Montana Temple,state,Montana,398,4
Ciudad Juárez Mexico Temple,country,Mexico,394,7
Casper Wyoming Temple,state,Wyoming,381,3
Taipei Taiwan Temple,country,Taiwan,373,3
Lisbon Portugal Temple,country,Portugal,352,5
Monticello Utah Temple,state,Utah,344,2
Tegucigalpa Honduras Temple,country,Honduras,338,8
Pittsburgh Pennsylvania Temple,state,Pennsylvania,328,3
Caracas Venezuela Temple,country,Venezuela,318,50
Hartford Connecticut Temple,state,Connecticut,316,1
Tijuana Mexico Temple,country,Mexico,307,10
Baton Rouge Louisiana Temple,state,Louisiana,300,8
Feather River California Temple,state,California,297,2
Memphis Tennessee Temple,state,Tennessee,289,3
Elko Nevada Temple,state,Nevada,288,1
Nuku'alofa Tonga Temple,country,Tonga,281,7
Veracruz Mexico Temple,country,Mexico,275,2
Seoul Korea Temple,country,South Korea,274,0
Perth Australia Temple,country,Australia,274,3
Abidjan Ivory Coast Temple,country,Ivory Coast,266,13
Bahía Blanca Argentina Temple,country,Argentina,256,3
Brasília Brazil Temple,country,Brazil,253,2
Asunción Paraguay Temple,country,Paraguay,240,7
Nairobi Kenya Temple,country,Kenya,240,33
Copenhagen Denmark Temple,country,Denmark,235,0
Villahermosa Mexico Temple,country,Mexico,229,17
Tampico Mexico Temple,country,Mexico,220,3
Fukuoka Japan Temple,country,Japan,219,1
Phnom Penh Cambodia Temple,country,Cambodia,212,15
Antofagasta Chile Temple,country,Chile,207,2
Durban South Africa Temple,country,South Africa,205,26
The Hague Netherlands Temple,country,Netherlands,198,2
Barranquilla Colombia Temple,country,Colombia,197,0
Belém Brazil Temple,country,Brazil,183,7
San Juan Puerto Rico Temple,country,Puerto Rico,182,6
Freiberg Germany Temple,country,Germany,178,3
Cobán Guatemala Temple,country,Guatemala,176,3
San Pedro Sula Honduras Temple,country,Honduras,157,13
Hermosillo Sonora Mexico Temple,country,Mexico,157,2
Córdoba Argentina Temple,country,Argentina,148,6
Adelaide Australia Temple,country,Australia,142,0
Winnipeg Manitoba Temple,country,Canada,121,0
Aba Nigeria Temple,country,Nigeria,118,30
Colonia Juárez Chihuahua Mexico Temple,country,Mexico,115,3
Panama City Panama Temple,country,Panama,106,20
Ogden Utah Temple,state,Utah,104,2
Oaxaca Mexico Temple,country,Mexico,98,5
Halifax Nova Scotia Temple,country,Canada,89,0
Guadalajara Mexico Temple,country,Mexico,75,3
Mérida Mexico Temple,country,Mexico,73,3
Port-au-Prince Haiti Temple,country,Haiti,64,10
Regina Saskatchewan Temple,country,Canada,41,0
Praia Cape Verde Temple,country,Cape Verde,11,2
Kyiv Ukraine Temple,country,Ukraine,0,0
Santo Domingo Dominican Republic Temple,country,Dominican Republic,0,0
